{
  "name": "carousel-3d",
  "title": "carousel-3d",
  "description": "Extremely easy 3D Carousel slider jQuery plugin supporting IE8, IE9",
  "version": "0.2.1",
  "homepage": "git://github.com/PAIO-CO-KR/carousel-3d.git",
  "author": {
    "name": "PAIO co.,Ltd.",
    "email": "apple@paio.co.kr",
    "url": "https://github.com/PAIO-CO-KR"
  },
  "repository": {
    "type": "git",
    "url": "git://github.com/PAIO-CO-KR/carousel-3d.git"
  },
  "bugs": "",
  "licenses": [
    {
      "type": "MIT",
      "url": "http://opensource.org/licenses/MIT"
    }
  ],
  "dependencies": {
    "jquery": ">=1.9",
    "modernizr": "latest",
    "waitForImages": "latest",
    "javascript-detect-element-resize": "latest"
  },
  "keywords": [
    "jquery-plugin",
    "carousel",
    "3d",
    "slider"
  ]
}
